{
  "category": "mobile",
  "timestamp": "2025-12-13 15:06:27",
  "model_type": "Ensemble (XGB+LGB+RF+GB)",
  "r2_score": 0.7613520067490088,
  "mae": 8543.073683672752,
  "median_ae": 3278.7034941507018,
  "rmse": 17248.452470017106,
  "mape": 24.728972876737192,
  "accuracy_10pct": 35.961871750433275,
  "accuracy_20pct": 67.93760831889082,
  "accuracy_25pct": 77.90294627383015,
  "samples": 1154,
  "features": [
    "brand_premium",
    "ram",
    "storage",
    "battery",
    "camera",
    "screen_size",
    "is_5g",
    "is_pta",
    "is_amoled",
    "has_warranty",
    "has_box",
    "condition_score",
    "age_months",
    "price_category",
    "performance",
    "ram_squared",
    "depreciation",
    "brand_ram"
  ]
}